40496048600029	EURO SERVICES FLEURS	EURO SERVICES FLEURS	Autres activités de soutien aux entreprises n.c.a.	49	Saint-Aignan-Grandlieu
40921424400025	ERESIS	ERESIS	Conseil en systèmes et logiciels informatiques		Saint-Herblain
42390899500024	SECOM	SECOM	Conseil pour les affaires et autres conseils de gestion	99	Nantes
33894650200287	FONCIA LA ROCHELLE	FONCIA ATLANTIQUE	Administration d'immeubles et autres biens immobiliers		Nantes
41505068100220	CHEOPS TECHNOLOGY FRANCE	CHEOPS TECHNOLOGY FRANCE	Conseil en systèmes et logiciels informatiques	49	La Chapelle-sur-Erdre
41922342500044	KOSMOS	KOSMOS	Conseil en systèmes et logiciels informatiques	99	Nantes
42869200800157	UGECAM BRPL	UGECAM BRPL	Activités générales de sécurité sociale	99	Saint-Herblain
34312278400048	GEIREC NANTES	GEIREC NANTES	Activités comptables	49	Saint-Herblain
13002068800029	DELEGATION DE LOIRE ATLANTIQUE	CHAMBRE DE METIERS ET DE L'ARTISANAT DE REGION DES PAYS DE LA LOIRE	Activités des organisations patronales et consulaires	99	Sainte-Luce-sur-Loire
42415167800051	CADRES EN MISSION	CADRES EN MISSION	Conseil pour les affaires et autres conseils de gestion	199	Nantes
43212373500305	ADP GSI FRANCE	ADP GSI FRANCE	Conseil pour les affaires et autres conseils de gestion	499	Carquefou
34828497700140	ASYS	ASYS	Edition de logiciels applicatifs	99	Nantes
30550806100036	ESTUAIRE NOTAIRES	ESTUAIRE NOTAIRES	Activités juridiques	99	Nantes
42870497700043	SANTECLAIR	SANTECLAIR	Conseil pour les affaires et autres conseils de gestion	499	Nantes
43800482200013	BT LEC OUEST	BT LEC OUEST	Commerce de gros (commerce interentreprises) d'appareils électroménagers	99	Saint-Étienne-de-Montluc
35290570700332	RANDSTAD DIGITAL FRANCE	RANDSTAD DIGITAL FRANCE	Conseil en systèmes et logiciels informatiques		Nantes
32045908400093	VIF	VIF	Edition de logiciels applicatifs	499	La Chapelle-sur-Erdre
43300201100099	EVIDEN FRANCE	EVIDEN FRANCE	Conseil en systèmes et logiciels informatiques		Nantes
43986958700139	BPCE FINANCEMENT	BPCE FINANCEMENT	Autre distribution de crédit	99	Nantes
38079451101265	CENTRAKOR	CENTRAKOR STORES	Commerce de gros (commerce interentreprises) d'autres biens domestiques		Orvault
34160485800082	SITACI	SITACI	Edition de logiciels applicatifs	49	Haute-Goulaine
43830994000049	CADRES EN MISSION SERVICES	CADRES EN MISSION SERVICES	Conseil pour les affaires et autres conseils de gestion	49	Nantes
44249030600200	CATALYS CONSEIL	SOCIETE NOUVELLE CATALYS	Conseil pour les affaires et autres conseils de gestion	19	Nantes
38536571301000	INETUM	INETUM	Conseil en systèmes et logiciels informatiques		La Chapelle-sur-Erdre
34503941600846	ORANGE BUSINESS SERVICES	ORANGE BUSINESS SERVICES	Conseil en systèmes et logiciels informatiques		Nantes
44163769100136	LUCCA	LUCCA	Edition de logiciels applicatifs	199	Nantes
45133523600050	HERCULEPRO	HERCULEPRO	Edition de logiciels applicatifs	49	Couëron
39086574900126	ASI	ASI	Conseil en systèmes et logiciels informatiques	249	Saint-Herblain
34888467700199	NOVEOCARE	NOVEOCARE	Services administratifs combinés de bureau	99	Carquefou
44281257400139	SCALIAN OP	SCALIAN OP	Conseil pour les affaires et autres conseils de gestion	99	Saint-Herblain
47890686000059	ILIADE CONSULTING	ILIADE CONSULTING	Conseil en systèmes et logiciels informatiques		Nantes
39909133900255	SULLY GROUP	SULLY GROUP	Conseil en systèmes et logiciels informatiques	19	Nantes
37755024900116	WAVESTONE	WAVESTONE	Conseil en systèmes et logiciels informatiques	99	Nantes
45180436300047	ARTISS	INTUITI	Conseil en systèmes et logiciels informatiques	49	Nantes
48381561900117	SNCF CONNECT & TECH SERVICES	SNCF CONNECT & TECH SERVICES	Edition de logiciels applicatifs	499	Nantes
40350374100031	PROGINOV	PROGINOV	Edition de logiciels applicatifs	499	La Chevrolière
38103128500616	OPEN	OPEN	Conseil en systèmes et logiciels informatiques	499	Nantes
47976684201003	CAPGEMINI TECHNOLOGY SERVICES	CAPGEMINI TECHNOLOGY SERVICES	Conseil en systèmes et logiciels informatiques	99	Saint-Herblain
50295859800117	CREATIVE INGENIERIE	CREATIVE INGENIERIE	Conseil en systèmes et logiciels informatiques	99	Saint-Herblain
00728036500136	ATLAGEL	ATLAGEL	Commerce de gros (commerce interentreprises) de produits surgelés	99	Rezé
38783703200144	CELAD	CELAD	Conseil en systèmes et logiciels informatiques	19	Saint-Herblain
48824794100047	NUMERI WAN	NUMERI WAN	Conseil en systèmes et logiciels informatiques	9	Rezé
51256811400031	KEY CONSULTING OUEST	KEY CONSULTING OUEST	Conseil en systèmes et logiciels informatiques	49	Nantes
30127528500015	THIERRY THOMAS, ARNAUD HOUIS, ARNAUD GIR	THIERRY THOMAS, ARNAUD HOUIS, ARNAUD GIRARD, MARIE-VIRGINIE DURAND, PIERRE VILLATTE, CECILE BAUD-MILLET ET EMMANUELLE RI	Activités juridiques	99	Rezé
39150469300071	AUBAY	AUBAY	Conseil en systèmes et logiciels informatiques	199	Nantes
50752502000073	INGENIERIE TOUT CORPS D'ETAT	INGENIERIE TOUT CORPS D'ETAT	Activité des économistes de la construction	19	Orvault
52129516200098	IDEOLYS	IDEOLYS	Conseil en systèmes et logiciels informatiques		Nantes
31680701501324	SYSCO FRANCE SAS	SYSCO FRANCE SAS	Commerce de gros (commerce interentreprises) de produits surgelés	199	Le Cellier
40103292500026	SOCIETE D V	SOCIETE D V	Commerce de gros (commerce interentreprises) de sucre, chocolat et confiserie	99	Vertou
51338143400085	LENGOW	LENGOW	Conseil en systèmes et logiciels informatiques	199	Nantes
52983026700033	YPRESIA	YPRESIA	Edition de logiciels applicatifs		Orvault
33248402100149	ECRITEL	ECRITEL	Conseil en systèmes et logiciels informatiques	49	Nantes
40356113700213	PHARMAGEST INTERACTIVE CIP	EQUASENS	Conseil en systèmes et logiciels informatiques	49	Saint-Herblain
52167615500026	CAISSE MSA LOIRE ATLANTIQUE VENDEE	MSA LOIRE ATLANTIQUE VENDEE	Activités générales de sécurité sociale	499	Saint-Herblain
53978196300035	DGSYS	DGSYS	Edition de logiciels applicatifs		Nantes
34227069100021	OFFICE DU DOME - NOTAIRES	OFFICE DU DOME - NOTAIRES	Activités juridiques	99	Nantes
05480774800022	EDITIONS QUO VADIS	EDITIONS QUO VADIS	Fabrication d'articles de papeterie	249	Carquefou
53525706700061	4 CAD ERP	4 CAD ERP	Conseil en systèmes et logiciels informatiques	49	Bouguenais
60206248102287	GENERALI VIE	GENERALI VIE	Assurance vie	199	Nantes
42469062600033	MERCURIA	MERCURIA	Edition de logiciels applicatifs	49	La Chapelle-sur-Erdre
32519287000039	LIEU UNIQUE SCENE NATIONALE DE NANTES AS	LIEU UNIQUE SCENE NATIONALE DE NANTES ASSOCIATION CRDC	Gestion de salles de spectacles	49	Nantes
54208445400678	PRIMAGAZ	PRIMAGAZ	Commerce de gros (commerce interentreprises) de combustibles et de produits annexes	199	Nantes
55204499202267	POMONA PASSIONFROID	POMONA	Commerce de gros (commerce interentreprises) de produits surgelés	499	Carquefou
70204275500844	CGI FRANCE	CGI FRANCE	Conseil en systèmes et logiciels informatiques		Nantes
34219149100063	IRIS RESSOURCES HUMAINES	IRIS RESSOURCES HUMAINES	Autres activités de soutien aux entreprises n.c.a.	199	Nantes
64201783401059	CREDIT MUTUEL LEASING	CREDIT MUTUEL LEASING	Crédit-bail	99	Nantes
65202396100798	AVIS LOCATION DE VOITURES	AVIS LOCATION DE VOITURES	Location de courte durée de voitures et de véhicules automobiles légers	19	Nantes
43399417500225	SA EXAKIS	EXAKIS NELITE	Conseil en systèmes et logiciels informatiques		Nantes
78621897400024	SEENOVIA	SEENOVIA	Activités des organisations professionnelles	199	Nantes
44388458000020	TRANQUIL I.T. SYSTEMS	TRANQUIL I.T. SYSTEMS	Conseil en systèmes et logiciels informatiques	49	Saint-Sébastien-sur-Loire
75305003800037	LOGIROAD	LOGIROAD	Edition de logiciels applicatifs	49	La Chevrolière
77568873212140	CGM PAYS DE LOIRE	APF FRANCE HANDICAP	Services administratifs combinés de bureau		La Chapelle-sur-Erdre
79142876600020	AMARRIS IMMO	AMARRIS IMMO	Activités comptables		Saint-Herblain
45262598100140	4 CAD PLM	4 CAD PLM	Conseil en systèmes et logiciels informatiques	49	Bouguenais
42998754800162	DAWAN	DAWAN	Programmation informatique	99	Nantes
79018432900056	FIZEN	FIZEN	Édition de logiciels système et de réseau	9	Saint-Herblain
79067258800031	AKENEO	AKENEO	Edition de logiciels applicatifs	249	Nantes
80045609700032	MOBIAPPS	MOBIAPPS	Programmation informatique	99	Orvault
48377254700038	PALISSEA	GINGER MINDS	Conseil en systèmes et logiciels informatiques	49	Nantes
79325371700037	AVISIA OUEST	AVISIA OUEST	Conseil en systèmes et logiciels informatiques	49	Saint-Herblain
79328801000143	VISEO	VISEO	Conseil en systèmes et logiciels informatiques		Nantes
38444088900044	EXCO AVEC	EXCO AVEC	Activités comptables	99	Nantes
81476832100022	MR SURICATE	MR SURICATE	Programmation informatique	49	Nantes
40343177800055	ADOC SOLUTIONS	ADOC SOLUTIONS	Conseil en systèmes et logiciels informatiques	49	Bouguenais
80813014000045	VYV ECOUTE & SOLUTIONS		Conseil pour les affaires et autres conseils de gestion		Vertou
81196279400046	SYD APPS	SYD APPS	Conseil en systèmes et logiciels informatiques	49	Saint-Herblain
82262022500018	KEREIS SERVICES	KEREIS SERVICES	Conseil en systèmes et logiciels informatiques	249	Saint-Herblain
48060951000056	SD20	SD20	Edition de logiciels applicatifs	19	Vertou
39513965200097	KERSEA	KERSEA	Transports maritimes et côtiers de passagers	19	Nantes
81499447100039	EPSIGHT	EPSIGHT	Autres activités informatiques		Nantes
81772368700122	EY & ASSOCIES	EY & ASSOCIES	Activités comptables	199	Nantes
82887169900033	HERA-MI	HERA-MI	Conseil en systèmes et logiciels informatiques	49	Saint-Herblain
40315426300038	GROUPE LACOUR	LACOUR CONCEPT	Édition de logiciels système et de réseau	49	Montaigu-Vendée
35142130000036	ARPEGE	ARPEGE	Edition de logiciels applicatifs	499	Saint-Sébastien-sur-Loire
82501589400033	WEMOOV	WEMOOV	Programmation informatique	19	Carquefou
82509817100036	ELEPHANT TECHNOLOGIES	ELEPHANT TECHNOLOGIES	Conseil en systèmes et logiciels informatiques		Nantes
83747207500014	CADRES EN MISSION & CO	CADRES EN MISSION & CO	Autres activités de soutien aux entreprises n.c.a.		Nantes
53752632900033	CONSEPT SERVICES	CONSEPT SERVICES	Conseil en systèmes et logiciels informatiques	19	Nantes
82895279600021	UMR	UMR	Assurance vie		Nantes
51351906600049	INOVAXO	INOVAXO	Programmation informatique	99	Nantes
